{
  "id": "1618719",
  "name": "alicon",
  "font_family": "iconfont",
  "css_prefix_text": "icon-",
  "description": "",
  "glyphs": [
    {
      "icon_id": "7766709",
      "name": "icon_add",
      "font_class": "icon_add",
      "unicode": "eb8f",
      "unicode_decimal": 60303
    },
    {
      "icon_id": "7766719",
      "name": "icon_calendar",
      "font_class": "icon_calendar",
      "unicode": "eb91",
      "unicode_decimal": 60305
    },
    {
      "icon_id": "7766731",
      "name": "icon_delete",
      "font_class": "icon_delete",
      "unicode": "eb93",
      "unicode_decimal": 60307
    },
    {
      "icon_id": "7766741",
      "name": "icon_file",
      "font_class": "icon_file",
      "unicode": "eb95",
      "unicode_decimal": 60309
    },
    {
      "icon_id": "7766742",
      "name": "icon_GPS",
      "font_class": "icon_GPS",
      "unicode": "eb96",
      "unicode_decimal": 60310
    },
    {
      "icon_id": "7766745",
      "name": "icon_im_more",
      "font_class": "icon_im_more",
      "unicode": "eb97",
      "unicode_decimal": 60311
    },
    {
      "icon_id": "7766753",
      "name": "icon_likegood",
      "font_class": "icon_likegood",
      "unicode": "eb98",
      "unicode_decimal": 60312
    },
    {
      "icon_id": "7766764",
      "name": "icon_left",
      "font_class": "icon_left",
      "unicode": "eb99",
      "unicode_decimal": 60313
    },
    {
      "icon_id": "7766765",
      "name": "icon_next_arrow",
      "font_class": "icon_next_arrow",
      "unicode": "eb9a",
      "unicode_decimal": 60314
    },
    {
      "icon_id": "7766783",
      "name": "icon_refresh",
      "font_class": "icon_refresh",
      "unicode": "eb9c",
      "unicode_decimal": 60316
    },
    {
      "icon_id": "7772174",
      "name": "icon_approval_fill",
      "font_class": "icon_approval_fill",
      "unicode": "eba4",
      "unicode_decimal": 60324
    },
    {
      "icon_id": "11372639",
      "name": "爱心",
      "font_class": "aixin",
      "unicode": "e8ab",
      "unicode_decimal": 59563
    },
    {
      "icon_id": "11372647",
      "name": "创作",
      "font_class": "chuangzuo",
      "unicode": "e8ad",
      "unicode_decimal": 59565
    },
    {
      "icon_id": "11372708",
      "name": "讨论区",
      "font_class": "taolunqu",
      "unicode": "e8b9",
      "unicode_decimal": 59577
    },
    {
      "icon_id": "11372723",
      "name": "下载",
      "font_class": "xiazai",
      "unicode": "e8bc",
      "unicode_decimal": 59580
    },
    {
      "icon_id": "12290490",
      "name": "解锁1",
      "font_class": "jiesuo",
      "unicode": "e626",
      "unicode_decimal": 58918
    },
    {
      "icon_id": "12291972",
      "name": "重置密码",
      "font_class": "zhongzhimima",
      "unicode": "e60c",
      "unicode_decimal": 58892
    },
    {
      "icon_id": "12292209",
      "name": "客户中心",
      "font_class": "kehuzhongxin",
      "unicode": "e60f",
      "unicode_decimal": 58895
    },
    {
      "icon_id": "12292345",
      "name": "侧边收起2",
      "font_class": "cebianshouqi",
      "unicode": "e612",
      "unicode_decimal": 58898
    },
    {
      "icon_id": "12292346",
      "name": "侧边收起1",
      "font_class": "cebianshouqi1",
      "unicode": "e613",
      "unicode_decimal": 58899
    },
    {
      "icon_id": "12635796",
      "name": "人物-03",
      "font_class": "renwu-",
      "unicode": "e9e5",
      "unicode_decimal": 59877
    },
    {
      "icon_id": "12635848",
      "name": "人物-04",
      "font_class": "renwu-1",
      "unicode": "e9e6",
      "unicode_decimal": 59878
    },
    {
      "icon_id": "12839890",
      "name": "plant-01",
      "font_class": "plant-",
      "unicode": "e9fb",
      "unicode_decimal": 59899
    },
    {
      "icon_id": "12839891",
      "name": "plant-03",
      "font_class": "plant-1",
      "unicode": "e9fc",
      "unicode_decimal": 59900
    },
    {
      "icon_id": "12839893",
      "name": "plant-04",
      "font_class": "plant-2",
      "unicode": "e9fd",
      "unicode_decimal": 59901
    },
    {
      "icon_id": "12839894",
      "name": "plant-12",
      "font_class": "plant-3",
      "unicode": "e9fe",
      "unicode_decimal": 59902
    },
    {
      "icon_id": "12839919",
      "name": "plant-06",
      "font_class": "plant-4",
      "unicode": "ea05",
      "unicode_decimal": 59909
    },
    {
      "icon_id": "12839920",
      "name": "plant-17",
      "font_class": "plant-5",
      "unicode": "ea06",
      "unicode_decimal": 59910
    },
    {
      "icon_id": "12839946",
      "name": "plant-07",
      "font_class": "plant-6",
      "unicode": "ea0a",
      "unicode_decimal": 59914
    }
  ]
}
